LoanID,CustomerID,LoanTypeID,BranchID,LoanAmount
3310ef8a-6ef4-4d51-bede-913b24942e1e,bdd640fb-0667-4ad1-9c80-317fa3b1799d,2,1,40043.9
b3e9ea93-f384-4022-83e7-95a1409dac31,972a8469-1641-4f82-8b9d-2434e465e150,5,9,18956.66
53327e78-4951-4de8-bbfd-1a8535c52137,17fc695a-07a0-4a6e-8822-e8f36c031199,3,10,40137.99
0d33eccc-7bf4-4e92-a6d5-e062c96f08b6,b74d0fb1-32e7-4629-8fad-c1a606cb0fb3,5,2,14900.08
6bd0d0e5-b47c-4c46-bf5c-924ddd11279d,6c307511-b2b9-437a-a8df-6ec4ce4a2bbd,4,4,38210.02
e155093f-4348-46ea-bf35-5f9327af9dfd,43b7a3a6-9a8d-4a03-980d-7b71d8f56413,4,5,27971.78
af8b7d2b-3ed6-4c57-b93e-790bafa97a88,ab9099a4-35a2-40ae-9af3-05535ec42e08,1,10,12501.63
b305dad1-66b0-4e19-beeb-a276ed9077ff,b02b61c4-a3d7-4628-ace6-6fa2fd5166e6,5,5,28899.07
eefae096-3c71-4989-9821-d1f4f63598c5,5304317f-af42-412f-b838-b3268e944239,3,6,35725.52
99618952-3e15-4ef5-b68d-d057374a88e0,0e51f30d-c6a7-4e39-84b0-32ccd7c524a5,4,6,4785.14
e4eaeffe-bb91-44ca-ac5c-361a03c740da,9132b63e-f162-47e4-a9c3-49e03602f8ac,4,9,14177.7
98ea8205-285e-49ff-a6e2-9e08cf662c83,366eb16f-508e-4ad7-b7c9-3acfe059a0ee,5,3,14348.12
5e02218f-e871-4921-a686-cde6c66e70cd,e27a984d-6548-41d0-bfcd-9eb1a7cad415,5,7,3324.98
6e594cb7-4d48-4570-9766-87fcacf55885,beb79919-3f22-4af8-a3be-d01d43cf2fde,3,6,7297.84
39cbd241-1ec5-4ee8-badd-c8152f291058,bf3c4c06-4343-48bc-89fa-6a688fb5d27b,2,4,14887.84
d149f273-62f6-405e-bac0-b53a99c5eb1b,98ae4334-6c12-4ce8-ae34-0454cac5b68c,3,3,18284.72
6a3e5bb7-ce02-4cd9-9c0d-6d702904a1a4,988c24c9-61b1-4d22-a280-1c4510435a10,2,3,36962.64
59755f33-914e-4793-be22-65f6c2c54e0f,405cacec-8774-49a9-b7d2-1e02ff01cf99,1,9,3343.67
a7bf9abd-518e-4b04-9e84-116885ffe038,b8db0672-f42d-47cc-80d4-af5974273ca3,1,2,48461.51
c3943229-9193-4764-ba43-ab38650e1236,f8cda88b-436d-46e2-b83c-fe0be037e5ed,3,3,38069.87
bd1f389c-c9d7-4e9c-902c-2afb03f378e2,7d154385-52fb-443b-9954-6eb400257ad1,1,6,14014.47
bad3ddec-34cd-4744-a389-08263886868e,5f987c71-a65e-488e-abf3-ad39fec21bbe,1,1,31344.6
68f1052f-2760-4656-82ff-07ff49957988,8dcdcd03-969b-4662-8562-8059568cc69b,5,2,10763.26
d6d76f3d-cd7c-4570-9565-91a641e8de8a,7c441fe7-ab42-40a7-874a-493b3ceddf2d,5,5,3744.26
e09b87f8-463a-4426-ad3d-614aee61d0b5,5ab33edf-6e59-4ed3-a8b3-17fa18d0752b,2,6,45090.8
56d8c535-068c-447c-8f08-09be03f30d96,0f844fef-1931-49ee-a56c-0941fbf24050,5,1,45711.89
36e3bd7e-d77f-4901-bb2e-f993fdccbcd9,134c6c92-ec5b-427c-9fde-4fbf3ff350bf,5,5,38988.86
36b84c62-7d78-4a93-9bea-dda3b34a27e3,03c72ba8-d605-4770-8a63-f881ffd0f9d5,1,4,32242.91
91a57864-7af0-4605-a907-a690b8366bd3,c0e9ab30-ed26-42e9-97e0-11b7f8102383,4,7,7770.86
07132f6c-7637-4868-a0fc-d58b5318b7fd,2a25a888-0f02-4ad0-a706-7ef466aa9385,5,7,12433.43
563e27a9-9f5f-49a0-b6ee-8ab4fcfac155,c8fe3ccd-c8b8-49c6-ad30-49cf43e458fc,1,2,1161.89
2a8846eb-520f-40b6-b07a-46ef104f0bd7,b253d218-6c4a-47ea-8906-17f2747b6dba,5,7,27560.84
af11f1e0-0c23-4aac-b70d-8b18afd69ab5,7c967f79-b7e9-4aca-a970-65e18e46d534,2,4,36598.42
2b560311-8260-462d-92d6-28b5d5c2067d,504867ba-bf7b-439b-8f9a-ea4b8acd4e10,5,3,38438.09
f8d5b22f-3d83-4419-896a-6703a13302d6,87f7e1fb-da4b-49ca-ab5c-f46780bacd64,1,2,5667.98
edf2b696-7454-4eec-831c-73b387bacd74,118a9d29-2f92-4996-99f1-95d014822f53,5,1,42416.52
8e11c1a3-5de0-4170-b1db-96767bc6e6a0,506e5a9a-b758-488d-ab73-295b344a54b8,2,7,40720.67
a227b0b6-6a4b-4ecd-b893-c1c644b85345,750cab75-4ccc-4bc2-a53f-8a28abf3e3fc,3,7,31377.19
b148dc35-d3ee-4dd0-ba9d-6a6378e34025,ef8c485b-c07a-40f2-add4-253b50f0fd0a,2,3,32768.75
77f7d924-5c3b-4dba-886b-4150e0e97dca,e0ccedc5-f05d-476e-9a84-a51aa9d3d7c7,4,10,6240.75
ce9dd85e-0910-4f1d-9e4b-85c967df0447,217d65a0-c568-41cd-9563-f61600e85ece,4,8,17849.7
8fc9beb2-84f0-4956-9cb7-41f3c07f7cd9,1ca3c448-0279-46a6-8f97-97b06d7ce3c9,4,3,4012.31
d9931a02-ab8f-464c-a83c-caa9f7284e7c,093923de-8bab-4e3b-a628-6bfbe767dcea,4,6,40850.97
ad9e9d74-2d24-41a0-8e56-03307e04ec0e,bc2cbb0d-dd33-4cc7-ab7f-089acd5f4822,4,5,22218.29
54ef76b8-682e-4114-9642-3fa0a229731f,28c13091-444d-410b-bf87-e362cf8d446a,3,1,40170.65
e79b5741-00da-45bb-9f8b-255b12860ad8,39118497-3a43-42ba-9f0f-06cbcb9bc326,1,2,6230.84
821c27b4-eceb-428e-9b35-a374a6cd7ba4,94a1875d-2db6-4edb-82de-ffccf86c2ca2,4,4,34053.72
5946892b-3f44-4be5-8326-1bcf981eec0d,6fb78271-504d-481f-8953-5b63ba81edd9,2,4,40699.46
a25c30a9-c8a5-4395-9432-da070f0aa1ab,30a900ad-939b-462d-a645-f129629c2ae3,4,1,12752.12
771c604a-9d44-4b61-b83f-fc5aea134640,ce777f00-ecf2-4e76-8519-7ff4006ed6e3,2,4,37801.31
c73dba06-c18c-4c17-a342-d8f8d1bbd732,f0b5156b-b82c-4074-afd5-dea589d7fd6c,1,3,1710.13
c9c19184-ea79-4273-9b51-d9b21ad945de,9f871ce7-5487-4d4f-abb7-a385aa0b7b14,1,4,31784.97
ea38eac2-e43d-4d44-b284-eb2747c99686,8dedf9fb-4bb0-4f20-b27c-40266703b636,5,7,3379.06
6ddb3db8-a3b5-4486-a96c-8a517666dba1,f5b78cc7-e6b3-4944-8b32-3e357922bac2,2,10,45595.01
579b5e35-4aa1-43c2-94d7-3be684293447,9c7c7377-79a2-4903-bbe3-3b243eae0032,3,6,41253.86
ab8aa4cd-cf7c-4afa-8256-e26bd48794af,624c69b6-b244-45a7-b7e5-848131c681ec,4,2,47254.24
77d9b7a6-7e71-4946-acf7-0172a3fe0a8c,e4855aa1-016b-4287-b008-05cca7f36ae9,4,7,22991.12
b581e489-2288-4bcc-a3cc-9c0ff95bc7a7,e2add909-c521-4f2d-9c45-d539c03f3538,4,7,5393.74
4505c7c7-41d2-42e5-9513-391a2fd025cc,b227462c-f53d-4330-8dda-24ba2d06e8cf,5,4,32542.57
aef0c176-e4eb-4fba-8b7a-ef2b4fdf96cd,8f15ba58-fce6-4504-87f8-424daae65fc1,4,5,16555.06
dd473628-78ea-4985-8a02-a47b34491f91,dc8aee30-be60-43f7-a8be-9288e5af6e39,5,9,23578.09
aa800e31-566a-4d0d-bdb6-5c414e2b5039,3c07c574-4925-4af1-b6aa-e05b13d5f2f7,5,4,32692.98
63f77df5-f044-4d51-9692-83cca25d6213,269cd696-236c-4b87-94a0-bccb8a476a87,2,4,32393.08
5afc5811-2d6e-455d-b748-df48d89c4d9e,7746d0ba-8ae8-405b-94b4-a48268586eba,3,10,37642.68
1a7198a8-a357-4421-b666-6b8f4e2eab5b,d5f25073-f414-42b1-a442-9ebbda7b9095,3,1,48202.22
94b79efe-2571-4ba1-922e-2d1bf70d90aa,bc10fa52-bf5d-4fdf-89c8-d2ab6b44fa8d,5,2,44472.53
21a1867b-3521-443b-9f6b-d635c2a38bcd,d72b6108-2a40-4f12-b963-f37f67814c1f,1,3,29190.92
97f06a30-904f-4dc1-9e31-66b38951aa54,fb10987f-20ac-4703-ab67-146a77a6e17c,2,8,12319.19
4fa4affc-196c-4302-a568-79208b7ff620,e82c7d7b-06e7-45f9-88bc-539c9f4c3b79,4,4,29506.96
2d4bae09-b0a6-44b3-9831-a72a9665ffde,0d557b61-8a17-4dfe-bfc0-0dc804f64d86,3,3,6658.71
7b2da9e0-46b1-492c-a434-08a69ac132f7,f510ab53-c7fe-439f-9190-f938a66fd7f7,2,7,10009.78
fd11a29a-6503-4e1d-97a9-378219f76158,07f194f9-c115-4d6d-8a4e-5b70a6d964a3,3,9,23803.39
49473f97-b920-4177-812f-72d8f10bbbe3,1d48a071-ab61-47b1-b93b-4c3220500494,5,7,31396.77
854d93b4-6bb3-4477-b3c4-da971fe35174,5e6fea07-c453-4f1d-8199-2fdfb31022f0,1,8,6907.12
55480332-1b64-45c6-8a57-2864be851e07,c71d5e60-1d52-46ab-b7e6-427cbf780e3f,2,7,10608.5
ebb70816-0a76-469e-b2cc-21db10d56722,e87466d7-ad66-41bd-9367-6a024fdc6e1b,4,5,4535.16
9dfd98da-6adb-4aba-84e1-e71507bc0b06,3e2b6091-a092-452a-94a0-57a7b0cc1b3b,4,7,37011.32
28454a4d-b1e0-4e1d-a392-2685c1160bc0,90e0f4a0-fbdd-4933-8bd5-8bf61efd76e9,5,7,20876.31
58a107fb-57bb-45f8-8364-196d6d701cb4,033d2bce-575a-4d2c-a5c5-650c8186a576,4,3,23286.42
4ed2689f-c0f8-4029-8298-570505a7327e,2d174fc9-6f7c-45ea-a72a-6d8eb5122df8,5,6,3575.53
024291e6-cc1d-423b-902d-bfa24eec5419,eb6c1016-cee6-44d0-9dac-6e8345241ea6,5,5,20629.52
b7f305af-bae0-4c03-a89b-0c011cc6598e,3ed8c56c-da09-4fa0-9282-8d8044b591f7,4,6,49766.28
d5588872-2ad6-4a3e-bea1-67966e1c50ea,4767d76c-162f-4a24-af43-613cd4aac9a3,1,2,35496.12
c8c672c0-db76-4701-8e3f-c460287e5974,7cd0129d-2e8d-4e87-9334-20e6d9d80b8d,1,4,46564.87
ee826cc3-178f-4f71-a183-95d7e02abcac,989d9d4a-e15c-4666-8797-b2c957207246,3,10,31682.84
4a22936b-5747-4505-aef7-1f226d447296,30e912f2-f2b4-4abf-8441-aefd0299436a,4,6,7072.98
67e12fb5-8379-4eb9-b79d-44a386047a3d,8db06746-7927-4973-9e78-1fd794e0d3ba,5,2,36036.65
6758f625-a029-4ba8-8583-867eae1def8c,4e7ed827-455a-4762-b428-a656b3ee4d3b,1,6,6236.68
8abf0add-cce6-4069-ab5b-34285782080d,b8a6171f-1ee3-4dc4-bb04-8a8b405bfdc9,3,6,36017.53
c86c02c2-c58f-4252-a561-d0111591216d,98c7472a-864e-4a13-829c-fc0cfa02eaec,3,8,41073.66
ebc2b5b6-9d73-43e9-9a7a-761eeaf44365,5c62b3a2-3a3c-463e-8bd6-cee631b1b099,1,9,10808.62
8fc0eb14-d5ed-4233-a5ce-e69562fd879b,7de31a51-6694-4343-90ba-58e3d2762bdc,5,3,33958.66
74491a89-2837-4622-9d73-e7aa48fa1b61,afbb411a-a123-4a8c-93b7-a88612f70c97,1,4,46994.06
ceb74ca2-e01e-4afe-a3c9-0104055405bb,cfa701cd-2631-400b-a6d7-94d30db95301,1,5,15829.66
2b9eb4e4-626b-4b34-9ee7-001bbb6f024a,9191b363-4e2d-4645-adc7-cac7fd72b050,1,8,2365.38
4c52bc77-fd7b-4c7d-91f5-81e028748379,f5c9b047-9c10-4572-8f6b-40d09efba58b,1,8,36226.63
c25c14c5-7387-4084-8972-547d77390593,c342bd2b-f295-456e-9967-5f06bd767e35,3,2,14019.15
5d37faa2-af44-4e7d-b213-1be7e5bb5502,43bfd931-3605-4f54-a021-c0ca3531968d,4,4,39710.38
b3563532-c1c1-4659-b0bb-34c19087681f,b07aa066-7354-45ea-a894-9b8d00af5b3a,1,8,20808.8
f9482096-528e-4c91-bbdb-7fcd80741f05,43b9da13-ec85-4f37-bbc1-a987aff8754d,1,5,19430.64
7733a06d-51f1-42e5-9612-fa9f21054382,c3c75611-ffe3-4a49-854f-92fff366bad4,2,10,48612.55
67440cc7-029f-4bb8-96f7-e047885d0b23,9384ec2b-44fe-4cae-9248-a9a7ac1aa554,2,8,14703.24
2b864a9d-cf03-46ca-abd6-5a6d6b950481,ff37d19c-2e76-428b-8735-44f9ea83bf00,4,5,35080.95
efc0013f-924e-49be-9173-cf76553854a4,d0725b5c-a281-4044-af96-288295d82980,5,2,43180.74
2545122c-847a-415b-9499-0cf9a7c9e163,7ed70ed7-b194-490b-a961-929e546e035a,3,10,15533.58
ef4bdb87-1614-4bd4-a6e0-9db1d54bf12a,c5c5b37a-f85e-46a1-9dad-09b252c21221,3,9,17164.74
34cc7ef1-41ac-4afa-836b-13dfcc796d65,d32e6dcd-83bc-4478-9d6a-c7b86778043b,4,8,42280.4
6fe56c2d-be83-48f3-8163-b32b0b168ea0,71299889-a01a-4992-bf9d-3e64c1a6423b,2,4,19381.17
4ddc9364-395a-4e7f-912f-fc5d62d6a373,49bc473f-ed7b-4656-a18a-15368c99a894,5,3,47406.03
cedd8949-4615-438f-bc8f-996117f61718,3985fb62-17dc-4eff-a872-13f98d605936,3,5,9501.18
7698182f-2480-4498-b45a-1bf1c11598e4,a5d04d53-1e12-42e3-b272-92b6762172ed,1,5,15590.23
b017d4c5-9441-4552-bd85-d5ef9298655e,b495db4e-8245-4fb4-8ab7-706eb77350ca,2,5,25553.25
1a6e4960-df41-48f5-9af2-82e62b1ffab9,7b85179a-d5b0-47e0-aa5d-932b45ff2c83,4,7,5942.42
e727ee11-ea5a-4f1d-8d6a-8f749dfa2ef8,30cbd755-6232-417a-a507-41818d1fb540,3,3,46950.08
b4a43314-69b3-4362-afed-4447dfe2da25,dabac50d-ca3d-4859-85ce-099c46b82659,1,5,26234.44
76c5a26b-f773-424d-b09a-0e972eb14567,00a81de9-d20f-47d0-8465-6d6b81fb18b3,1,8,7750.72
2d5c50d0-dfc5-4b4d-ab2e-92628e3c250b,6090d697-8b1e-4b9d-834b-9fbb8d4a75b8,3,7,40070.32
f9bf2388-d3d0-40fe-9792-706296266357,de9e3757-5260-401e-aecf-67d2749176f4,3,10,20706.38
dd5951fb-e4c3-42ab-9452-2210f01f7ed3,e9d68f23-b489-4070-b914-f8a8bea4ff31,4,3,38906.32
8a034adc-e526-4771-a236-bf56d9d694e1,fd08b32c-62d6-4e93-a198-5d54cfb87e6f,4,9,24845.34
4a0385a0-119c-4dc3-8716-4173fa75c2a3,a6eab79e-d21c-42f8-8ada-4f80a9e782d4,5,5,41051.38
51892464-4d81-41fe-af47-d8137ebb46e2,43d88870-f81d-4aa1-8812-0a8e78308930,5,5,19922.45
7bbf53b5-3f23-4c41-b5db-cd09d090cac0,889b78d5-dbfd-497e-aca2-b148da330aa1,2,6,45214.53
d7b4b7b3-28ed-473f-88b7-787041b89d73,a075e927-5110-4492-b442-7e0b61484bb3,1,6,13794.94
3433afde-1254-4671-9a2c-1ce1730794c8,7cea2045-c268-483e-a32f-2e63b7fddd71,2,7,17180.5
0843e11b-c4a0-4e52-88e0-48251ba26916,fa745761-6f18-4108-9723-199dbf2c14a0,3,10,28648.73
fa901a9a-d1dc-4f42-8a7a-982b184bf91f,2a96e1e2-7194-4ae2-99ba-d7aedf615a5c,2,4,23318.75
be69db80-d959-4fa5-831c-52bbe88aae40,6e417d47-5ff5-45ea-9bc4-40f14b1a269b,3,8,9880.21
79019cb8-03b2-424b-8e15-7ede1ca5809b,2e183554-cae2-4e66-ae8a-781390e0a95b,2,3,47187.49
3809d0d9-6ace-4d58-9d16-e691ca7988fc,aee1e86b-9ea5-46aa-a1ee-6c5bdeef580f,2,9,26426.27
12811c44-3a44-4b14-b79e-d967144e7f35,a34db7c5-760d-4bbb-bb70-b3a124a35cf2,3,2,31629.57
fbdf49e1-5925-4ea7-b27c-92931dbb0171,8beddb12-ad77-482f-89a2-3a89e6b5a92c,4,9,43411.86
752acdf5-6a9a-4071-8c6e-d20fc3a758ff,b0b862ef-6c9f-42b9-b647-8986a3917c99,5,8,9682.01
10058c86-78bc-46d9-bbd7-a397756e57cd,f93e08d5-bea2-4dfe-873f-6e1baf908e3c,5,3,22063.79
3aa7bb1d-efb8-4007-b796-291112a9cfc0,c478f6f1-b88e-4318-816d-83edad81f8bd,2,10,26243.72
21fbf9d1-a92b-4ba3-bccd-60983996ee4e,c9e26074-4f16-49a0-8a17-991ea5769411,1,8,31559.26
26ea52b9-425d-422e-8ec7-71e4e953a132,c958e75e-21d5-4971-b367-49b52cf6bf75,2,2,45947.86
3adc35e8-0255-4a92-b11f-751b8f83f61f,77e490c7-1d7b-4313-8de2-2f1c56b60afc,2,10,15385.21
a7d1d092-e2d8-4e81-a2d1-5777927c41d4,65bcc272-fadd-4ea3-aca5-e2fdb966442a,2,6,48379.03
3f78e862-f82c-4317-a02d-7d3dd4e4d798,1fa382e8-895c-4d99-83b3-8eb403902c5d,4,4,18633.43
691140a1-660a-4720-a6f0-0d693bd17873,bfbf397b-ac3e-4b0d-9e5b-a13d746cdb77,5,4,3145.79
25072858-5ef4-457e-84a2-b403245d6344,78b2b549-3bdb-409e-acc2-16a01bbc91f7,3,3,29610.97
2087f85b-2738-4880-a131-3e445dd44157,f1738856-e25d-46eb-9e9a-9f83066803ee,2,1,6809.26
e38be297-93ef-476d-bc73-9027f1fbf908,9c2e58de-ea4e-4617-93f8-382b8fb864e4,4,6,23707.81
148392ea-5544-4876-a5c5-9fbdda198572,1dde7969-6886-43db-a634-8e784d5c55c7,4,3,18190.93
dbeae76e-3c9a-4355-a650-68de5691cace,0986bbeb-f23e-423d-8b9b-d93423c86d30,4,9,7478.01
242d679f-7c67-497c-9d87-3d76a6cb1c70,899ca782-e323-4d1a-bc1b-dacc18e19331,4,3,36144.28
a7489705-6bac-4b99-8f50-e94a830d63a8,5efa9c5b-7421-4f46-a37e-4b0122bae10e,4,2,17223.41
bf9f2b3f-9224-4881-9a24-77fa176b3411,b24cc64f-be3e-4e57-b30a-9e32aba4fc03,2,10,7593.72
8f5cf75e-6284-4246-9b29-bc58c5cc4275,965befdf-6b4b-4411-8a4a-0e2df22b5b98,5,8,44314.13
afc6d128-1d3c-4c79-aa13-a7606c22d987,f2f25eef-1f45-4bfd-b7dc-67e030974b2b,2,4,48871.49
88d943ac-2087-4ed0-9d93-7d73e9504e21,a3b5cece-a446-4e72-b64c-911aa9ab364a,1,4,36651.2
c931d0e3-5f0d-4d27-aa9c-544459e26dc8,fd235def-3e5a-47e3-9560-db22c96b5edb,4,10,28842.74
2929f949-0ee7-40ae-ba47-5646aeb9b6f6,c63d04ee-541c-4a86-bba5-cd2fdea45c19,4,10,44230.46
69f90299-09a4-4032-8a53-b68e90a504dc,1c24220e-2cab-47e7-8c6b-66e5402adf9c,2,10,37942.91
80f5b531-a149-4346-8064-553426d2a1a0,ba2c98ce-0b19-488e-9d77-a45ef206c269,5,9,22554.39
f1bb796f-d5b1-4b8f-afcd-89b79bb0ecd8,a8addf36-ddf2-45eb-a8a3-f341c8819065,5,9,41816.03
c6fc9f28-23e7-4e2c-86ce-04c2d9daa288,ffa361be-0f92-40e1-87f9-7d05f6ca6b8b,4,8,40361.73
08899870-c372-4d90-a88f-deab43d28efa,b65feea9-7d82-4264-9ba3-62e7afa415e5,2,8,8173.63
269cd461-4495-4699-bc98-f3dbcae3e30b,25f934bf-9bb9-4155-9275-eb9414aeaf5c,2,7,42962
f7fb3ae4-e391-462a-b64c-6c525f1c03e9,816bcb9f-7426-4193-8b7e-6b3c87d292a6,1,8,33443.63
7ccf2b7a-9b38-48cf-8e6d-a18b1b5eb2a7,6e191042-370b-4063-9d90-e79eb888f6ed,2,1,27884.6
c2589929-3536-463c-a8af-850b43eede50,6e8f75a1-17dd-4d81-95da-705cd4ef00aa,4,2,7073.95
50241ac8-7472-41d6-92c9-60b9441a40ac,5f65c8ce-bd21-4c11-be9d-61ee18b87245,4,4,3323.84
75087dd4-3e2a-4dca-9401-01103ae9d67e,f0ede303-aa53-419c-9fa4-bb9f5a856750,2,7,27118.8
54dd8f07-fd0e-4855-914c-80c2486e41f7,6dda4f8d-cea6-4f4c-b9e5-8ff092f837d4,5,1,18136.55
5f60e454-2021-4894-bf19-3412e12d0486,ebe9e207-4f19-4ec0-832d-4526b3e4110a,4,4,32018.73
a6edc821-e118-4210-9817-02492fbf02d0,a847bce7-90fa-4b57-a4ac-2130deaf528d,2,2,35280.45
03492570-6e50-4cda-974c-c14fefb87fca,604e46cb-3712-42d1-87cd-b6a1bf012e32,4,3,42633.71
7d10ff8b-4b42-4efb-8322-813582f8dcb6,284bf962-5744-4596-b422-21676b7a2460,5,5,29451.06
7c724cf4-00b3-4064-a8b1-ea02af4c542c,372f871a-45ee-432d-aa07-f2137129cec7,5,5,16722.71
76a78a99-1c28-4267-962a-2035a640ae20,585d3f86-1d23-44e6-8329-20b7c143f426,2,3,41298.15
caae73b9-354e-4e15-a4d4-6d48ecda807e,ad9fb00d-4882-473c-9c63-45ab6e0ed1e8,2,9,9350.8
bf38f873-eabd-4c1f-aee2-cee4347f6040,3873e57f-0ba0-48e8-8ef4-92c1aac93316,5,8,10879.75
a807102f-8d84-43af-99c4-540860f07e9e,c3a00c6f-2321-41e1-8471-04c036136e15,5,10,23935.9
10f01f27-5e3d-440d-909a-8e3da6eba46a,88575117-6155-4667-a112-507c2cfa55b0,3,1,26990.12
4b6a763a-ea60-4de9-9677-f5915616a126,5aaab32f-ce63-42b6-ab05-347fd556b37d,3,2,26055.35
43dd7044-8c49-4cd7-a51a-65507a7c1a02,bdf66ba5-dc9c-46de-a5a6-74c212738a23,3,8,2179.53
91f554a8-2e38-4588-96ed-fc2be327cde2,67884209-92ca-425a-ade5-93329364f3d0,4,2,13829.5
e634fd0f-fde1-4a2f-91fc-cd21e9b3e0e5,b08a4895-d4ff-4666-b5c8-e90d9e3d750d,2,2,49461.97
cc3c6533-5526-4d78-9cc7-05a88422df17,c77444cb-5543-4c3c-b8b8-f24e56ea57b3,2,7,43152.28
051c47ec-3590-427e-ad5f-8e9cc338efd3,31a3ac4d-828c-47e7-87d5-b7be1d30d990,1,7,3082.98
8ce760a5-91eb-4e92-9277-054105cb5cc3,59e1ac09-5970-4859-86b6-e4ade7ea8d5a,4,5,12079.39
e0e32e7c-3072-4c8d-a6e6-f46335b6637d,1a5165ca-3c7c-4d85-a5cf-0041d0a643fe,4,2,8513.98
64c27696-e5b8-4232-b017-cdeaf78668fc,f387e1bd-2d59-42c6-934a-5a2fa7cf705c,5,6,21305.44
08712ac2-e03a-45a2-8728-f8dfd0f39ff4,76c5a0dc-7e7e-4419-a0c1-4035c5d95f51,5,9,40052.67
4c454a9c-98d7-487d-8329-70935690de37,fc8d5b93-a2a2-491f-a49b-1cd99082889b,5,6,30003.16
c367eb2f-59cf-48f3-b079-6b885e15d23d,98159d6c-9d71-4084-971d-abf9daf481a7,2,10,19265.7
92df3467-07f3-47b1-a887-2f1d13be454e,e8b77f7b-7321-4f6b-8a80-76ece5582e16,1,1,38624.91
ff09c499-76a5-4dbd-9510-34c0118fe377,d65e59dd-e62d-4d06-8f9b-85581a7f195b,5,3,25794.64
9db2becb-ff09-45c8-8ee3-c2b2b4e6eeb7,15969802-b6dd-4257-bb7d-9f1c57eb89b1,4,2,14691.22
be44529b-9c1b-498e-8701-a2dcc305508f,55ab946d-a5b5-4dc2-a181-c85eca0ac6ac,5,10,20491.45
2cd05cee-860d-4db6-b85c-59b335829fcb,f6e39356-a814-4562-9a00-3f16b9469bcf,3,2,37456.73
8de2a980-b406-47dd-a885-a777314cf177,267eddce-df8f-4197-9a4a-99b2e806133c,4,8,5564.32
1824bdba-e411-43a8-b4df-ce2c73ef2b8c,a9e27ba9-952e-4abb-94dd-5061555736f8,2,8,13971.33
bd2afa7a-bc21-450b-9b52-b8b959ab65c5,54170a17-caaa-4bbe-a4bb-f962606e0e1c,1,10,15766.95
7b922ac9-41bf-4b26-9ab2-595c58fc9ee4,ff4625af-bd20-463b-b275-b5f3d436a7a8,1,1,42771.2
893bc90f-57d7-41b0-bc18-a5111cd94045,4f11d8dc-5cd3-4369-84aa-c1b75ca0c428,5,5,28947.66
0c876d04-7092-47c7-a84f-b20e4d6232e9,577bc55a-36d5-4494-b37f-d50d2e25b5ee,3,3,39481.63
7d4fe7e6-c323-4a32-9417-ac36132cee98,31274148-7c7c-404e-8422-d03ef29a6339,1,5,25154.27
1ac48e39-8c93-4d19-8e07-705886dc9794,8a2e6a93-c558-4bb2-81f7-f3fb19e45c6a,1,3,19154.39
06b2520d-9422-4918-883f-09e717ac163b,2e4bebc4-2989-4880-a77d-1be96070b6a1,4,1,46659.89
c3a9b5e4-0327-4b4d-99c7-5e91b5c6eaa7,3be79df4-72ec-416e-88a7-23e9bfa016c2,1,2,45873.48
3fa7f0bf-3360-4171-8e5f-a7a1aa48b1cf,331f63fb-d11f-48c0-a97c-a4fff75d599f,2,9,25592.31
61c9a6db-e729-4682-8f74-62387fa3ea33,8412a335-d88c-456d-b61e-5fdb1a435206,2,2,26291.25
9cacf083-d3bd-4af8-9298-7ab6eb014290,73069588-45d5-468d-a90a-3abbc35b9fea,5,6,12559.85
72c9f2c0-ed5f-4f33-a8ea-96aedfaf2024,e27718c5-737d-4fb6-9113-76e038d77b9a,3,5,43946.22
8e0e1c05-2f3b-4ded-b21b-c2868ac82965,5fbbf0b1-8083-49c8-a57e-01c90da23e5c,5,2,20079.46
18f2c7d9-a4f4-4181-ac56-4248b10fa95e,e7e646c7-0158-4463-9d87-76a072d78bdd,1,10,48334.24
7b2bad3d-7c25-4f41-89ad-267a74d5fe1a,3cd5fd7f-49c1-4669-86b3-3fe61c76bdf6,4,1,47011.26
3ca84bd1-d18d-4300-98e7-bd1b9ec2ccce,3d0a5f0c-0c39-4ec7-9f31-74054d183eba,3,5,48371.59
64f99cd3-38cf-4803-b48e-17e3f9bdde8a,5a5226e6-9d64-4932-8066-853d6de299a1,2,1,45575.4
168b6f2e-6e3f-4fab-8f3d-5736715b18d5,2ff3cde4-6aa4-4c9f-9217-04753d959e3f,3,2,23694.19
9634aa6f-7ff6-4301-adbc-4dbb1c3eca35,8603156a-15ea-4bcf-ab10-21ceaa143cd8,4,2,4873.8
6846df4b-1da0-4675-ab05-cc55b21f5710,f4124360-1153-4e99-9c50-8720f982f4e0,2,1,14054.01
6e3096f7-712c-46b5-b9bf-9863b4adfa19,5b6a8102-0428-4378-bf50-23f440ef3935,1,7,20735.84
1af5ff8a-b0a3-4d12-b9aa-228060558b55,1a89b71e-a0d5-42c8-a837-fe68bba205ca,3,6,48490.93
e2ccddc8-fc9f-4e35-9b73-d199fa0e17d4,5a304528-0b59-4562-a227-219f551ff086,2,9,5154.52
f801547e-1b3b-454a-b89d-a5cfca84db85,2285b2ef-cfbe-4fe9-aea9-c542a1b970d0,2,10,28534.51
759b24a4-84d2-4315-b76a-2828ce4ff97e,f1901b7e-c6b4-49ef-b74e-ba9310275b53,2,6,42137.05
24557f25-ca3b-4e55-8fe1-f1011eb0a865,e2c328aa-3310-4475-8a86-22250b36e356,3,10,29538.79
888cd53d-710a-40b4-9f00-5cf70ba87e32,095ffa81-40d9-4bce-b930-ba208b040f49,2,9,47127.3
f4a7c5e4-8373-4925-8ce0-9457d7b7e502,0c3ce284-c7e5-4bbb-9cb5-1c535b62a8df,1,1,39194.6
8c4a08db-5624-45aa-bc47-92ad3bd31d36,cc1b4157-ec9f-4c54-9e0a-72ab7f5db163,1,5,26956.57
507e5991-4d08-4992-93b2-10567d68cae2,15260718-cd18-4a82-8447-ceab84ef4324,2,9,11329.14
15c94299-6018-4bc9-bdcd-78f0973d6040,6e3c4532-1434-4f62-acac-028cba220065,2,6,11228.19
0c3ea622-9069-42c9-ad10-632fe350d13c,71a3fad2-b094-4d2a-aaa9-3b436d15f16f,1,7,18877.5
ee4d37b3-7ea5-472e-ab30-f923286d5b01,20509c62-08e8-45d7-b02c-1821c8040fb7,1,7,27729.39
b4821c2e-4c68-4600-bef7-888f9949be64,a52964ff-c74c-4890-bc6a-3174113634a5,1,3,11002.14
e8d37371-f5de-499f-b8de-fbb56cd0c0b3,13aec376-c359-410a-b1a6-014c5f3c44dc,4,9,46145.13
87df931e-b103-4d84-854a-c3ad4d67473d,4758367b-a649-4cdc-907b-907265e58f34,3,5,29788.31
8288650f-8b30-4d5f-9d67-b55653a00025,848af440-7fc1-4858-afa0-d842bc55300b,4,8,20596.15
f2a101c0-3005-4188-9676-b25059cb463f,b43bd27f-42a2-49a6-8664-12854303cbc1,5,4,43151.54
e3f44794-6bca-4e75-b8b9-e12d6224eff5,9ca3fbb3-ff11-48ba-b6ee-1640723ef466,1,6,16799.65
36bed186-13e1-4862-a951-781af008f487,2c33350c-73b9-41d8-92f5-131ada52d2ee,2,4,4854.32
ffadae33-64c1-49f9-9e31-4c417dd195f5,ff4c96d6-71f2-4e8f-b69f-68c3e60fd420,2,2,1752.66
19bedaef-e36f-4c2b-b3ea-cc339c7fbe9c,3967e60a-823d-4107-9c8a-c066cb2fafa3,1,8,6257.56
c935b1a6-7a8c-4d3f-bda5-f78c18c47332,fba6abf7-cdbc-4653-b7a7-e8b75e70f65f,3,2,1079.7
fb3c320b-509b-451f-908c-e6f532c7cdac,12fc7a87-a470-4d48-9128-b9b1f8ede0ca,4,8,38863.93
6bedca71-cba7-4804-98c5-313757b9b605,8471b4b0-ae1b-4f69-b740-d83173318749,5,9,39686.4
35573d6b-91fd-4403-a16b-41023b7fb557,96792482-a3c9-48e4-8d22-38e6c7bf4fbc,4,7,47730.49
b4d6c623-7b1b-4951-81a6-de5fff16bcec,39b86bb2-b596-4a7c-af4a-fa885299e505,5,2,11520.03
ed69e745-ac90-499c-9252-5282fa62ef66,84d67c4f-f0df-4684-b28e-41225894f7f1,4,7,42934.7
b3e86bbd-0cbf-419b-8004-aa514405cf57,07c0d116-a394-4d54-9e3c-5a886aa56e6d,2,5,48146.52
6af13c10-3e61-499e-b48f-db4231bc344f,4d560a3d-f4e7-469a-a454-09374a27ebf2,5,1,38395
2b4c7062-0a52-4b21-b41f-33dbe2825431,24c778a5-9b4e-464b-9716-dc2e343ada2a,2,6,24433.71
33bb49f2-b30b-41ba-9a16-5cc262853965,170d7507-05ee-41d4-bf53-a88e4efc8248,3,5,7875.79
6530dd24-7fce-4e6f-9b40-2237f0501e24,95560a2d-3713-4466-bda0-6476f778c676,1,3,10008.24
3959a70a-df9b-48a8-8fd3-f2ab11756aba,4806f804-0cf0-474c-8c74-dc0f5a575539,5,6,10713
a05d473b-3040-458d-aeae-e2a252504702,4926ce5f-7878-4140-ac2a-4f71a77d95f1,5,10,14199.24
99f60cb8-14df-400e-b6fa-3735e60e7784,1b84edc3-d8e0-49de-8217-ea0e896490ab,4,5,5006.47
2c28c1cb-b368-4d51-be6c-ac6602b7a971,43b47ee5-e1e8-4e7e-a249-8f666e51484d,2,2,24517.67
002df2af-77d7-4b25-9761-70a9db6babe7,0d18ab95-668c-4477-8b95-017c5dae1201,5,1,22754.58
3fda3653-084d-4c40-ae1c-b3181dfc7eb7,62e7c1a6-12d2-4a06-89e1-cd138da00495,2,1,1933.99
f4564728-3c73-416e-aa0f-1d92c431cbe5,8cc36f3b-c3af-4cfe-b34a-6ca38116e3fc,4,2,45552.67
9143ee6b-838f-45ed-a3a4-d6dadc667b59,97fe56c5-4c9a-4f24-97b4-c294bd44089d,1,9,43398.81
3cfd6086-05cb-4a1e-8c50-53ab4df89900,901bcdef-b56f-48ce-bd66-971e88476c56,3,8,49306.39
10f25497-66b4-4b67-b23b-6afc79b8c3ca,4ec3f970-956d-40e4-aaa2-6216fada98f5,2,2,24053.41
0cad49c1-8bec-4c64-944b-7307017017f8,df41e335-b9ae-48e4-a615-99c8cbf81f86,3,2,8266.09
6cb26079-b22a-4523-9b1c-cfdc1d84ca94,0d259caa-b8ad-4d87-ba40-45dd93dfd907,3,9,47638.88
e425e7a7-688d-40c2-a7cc-553824ebb16a,c64c9647-9ea7-417c-b89f-7039a107cc46,2,3,12850.95
bfec111f-d6c1-4e73-ac1d-ff2703341b6c,d25864f2-25d4-40fc-a154-2765d756ba9c,3,9,27638.14
94974d98-b3aa-4223-95d2-6f228dbcadbd,9293f705-0815-4147-be00-980eae441e21,3,2,17535.65
e3e7ca04-b416-4d9d-b045-b25556af0c46,34323ec6-b0c4-401c-a9b7-c0fa26c432f6,1,6,22467.25
8dca6314-bd9c-4428-b21e-62f096ecc779,887b03e5-e980-4808-b5ac-824c2c55aef7,5,3,2677.82
f0cad644-8454-4546-9bae-afd25df98d82,7d2f4e58-b47a-4c5b-b0b3-901535102852,1,3,30193.07
c2355246-7347-4da2-8a43-38046ff6f816,b8beff3d-cb9f-4f6d-af3a-6f27ef06fccb,2,9,11355.48
7cc71a6b-e221-4013-a762-b353636e573e,585abefb-d181-4f77-a500-1423faebcd19,2,3,23451.1
a2c29c39-9230-4a5c-8cfb-7695fa8c8f87,257f7595-cdfb-4db9-85e7-8b23f4613f09,3,10,5139.31
4558ffc2-3703-4de9-9c5d-bc7f55632e36,ec8be537-58ab-4778-943b-45e3b6d1f6bb,3,10,33467.36
57aa0c91-8f79-4e62-9b7b-026cbffa46bd,d3f4a49b-33ba-4a88-b6c7-d6fa7aa4f052,2,10,24476.16
da1d16be-88e5-4947-9fa7-6d7ccbecf177,3d4196fe-963a-4617-bdab-07e79d9d028e,3,4,16370.07
db3c6629-cce5-4241-b55e-09be2335279c,f6eab3a0-0153-4221-a331-0a28c550eca8,1,5,21478.07
35336538-2256-43d8-b89c-e0d1a2159a65,a6fd0cb1-16e6-45c0-84cb-294fe86e8e63,3,6,24378.23
adf2b612-6bc6-40d5-b208-f49d754455df,098c60b3-efc9-409e-99af-6e09b91e3d6e,4,3,22129.56
38023772-d108-4a5b-8ca9-d6fbb3428015,6afa828c-2cd1-4b9f-abe5-841fe9c96c52,2,9,10702.82
67e99edc-b032-465e-aa3f-3d7ce193ed04,d61169a1-ff46-46bf-894d-916deb6d2fed,1,8,46542.54
66eb2310-c0d0-4f87-8d19-8e1b898a71fa,2fb21e66-7ed1-4aab-89b7-c9bc65a16fa9,4,5,23622.58
9354d7f4-b61a-4dfc-9f1b-bab42c0085c8,9a4ffc0c-9165-42ed-8c63-6e95025f5543,5,5,36558.6
47eae67c-d518-4924-a726-cfb2bb3409cc,cf0e6d2b-315c-467a-85d8-a6ad77d0359e,4,8,17388.57
105e9bd0-be10-44ed-9e1f-17d662845de1,aca58d95-915a-4c30-8b86-b5a1ca6fbff8,2,9,42594.59
c92c3c4b-b9bf-42a4-a399-34420552c8e9,9c678393-2ced-4c0d-b173-04b5c1dd484a,3,4,15472.03
d9f58d24-a5cc-4107-8276-36c1577f0a46,01bf9e73-3f80-4385-af92-40b652d78f10,5,5,11611.75
2dfc2075-e2e9-4653-899b-048cb4835175,92a81713-b90e-444b-951c-25d54d4c5280,5,6,17947.34
2b1f5740-7546-4944-b58d-fd77597c2fdd,c3093b6e-37e9-42e2-935a-c07aaa0217d0,2,10,5956
6c24f41d-9c47-48fb-a578-2a38ad667cc8,1cb9b73a-906d-4c8c-aad0-8c8913fe8a29,2,8,21858.02
78f039de-f8a8-421d-a55a-d375760e7f08,e723ada3-8c32-4db2-942a-895e0fcf601f,2,3,32610.07
52336483-6b72-4377-94da-d105495fbeae,89628f6e-929c-43b3-b3c0-8bf18167999f,5,6,14115.36
c904b78e-fdc8-4f40-8135-2a3cac7a79d2,ae27d432-1dc1-47eb-b11c-767385351a69,5,10,18232.11
69958565-907f-49bd-9624-91fbd77f1423,12b2102d-940c-4503-b7c8-6152beed0af9,2,1,38071.6
c8b47734-3fad-4211-80b3-b456c0503524,fc737d92-11ab-4d11-a4eb-8000ef40d162,4,3,21004.8
349b1394-a70d-41b4-bcfc-0311e44dac48,649f7d88-8989-45ab-be2b-34d82db0728d,1,9,47133.62
f06312a4-338d-4533-af4c-9b4f58dff190,6c93a791-8b60-4511-b816-8aebac6a7c85,1,9,11060.71
37ba3a88-8d10-42e2-8081-755ac065c437,083f64c3-1ce3-42f8-83f7-25feb99b2b5a,4,4,32978.65
f93a530a-fbae-4833-83a5-05ae71b703a9,e39836bb-e23d-4faa-afad-49e9c41c147e,3,8,30192.69
2ab7c68c-5f85-45fb-bb15-f93b9fc70a3c,1139fa12-34c1-43ea-bd9c-4e6404015ced,4,8,16685.59
9788caca-6cc1-4ac1-b160-f9643b07eba4,0b531932-bd94-49aa-bea6-e5b20c760d28,5,10,18876.83
ee334e7d-73df-4d4c-9b40-1a44b45d9353,8a2db2e6-3bfd-48a6-b05f-ddf566fadca0,2,7,45323.71
d6f58e31-7269-4331-97de-0347bc3e723d,fe54ee4b-80ff-4173-a3df-ecd70e731dd7,4,1,11759.88
e3839705-010b-4c27-9e8a-4951480a0200,ea98fef8-d0d7-4e37-bbf2-025f4a0d2b73,2,2,13545.8
dc196d5a-38e6-4752-bce9-9f943af7468b,2cd58759-e95d-4761-bc36-dc59e134edfc,5,4,42361.94
151783b5-b189-4704-bdea-8b8556686e97,4cc57e0d-2633-4018-a883-ac6e6a944054,4,2,46047.26
25dc248f-757d-45a4-b3e8-7f3d7e039997,89b5aab0-c121-49db-af12-b150605fb1eb,1,1,16219.76
60922778-e758-4661-a999-ab27fd6ee09a,24f43c62-b523-40de-9b87-d29c4cfd0fc1,5,8,8265.01
645ddaba-18d4-4178-9d51-c585f981b3b7,548c1d84-340d-4049-8147-65063e2bf9c9,5,9,20918.05
61982b77-d070-420d-8825-bcbddd113fd2,966be275-c2fe-4954-8dfd-9531302b7831,3,5,34597.52
d0a37d55-e228-4e8a-ae06-0f4e2e3c4574,30a5648e-efe9-43d0-b639-08bf03ece8ff,5,5,19615.76
6b773790-a0fe-46b7-9738-67cf0ffcb9bf,b42a2d93-9aba-4f15-b214-90623e1a963e,3,5,6080.06
1c8ed5fb-c3e1-42ae-92ed-a142d7c774f4,3d44cb2c-ea45-4a41-a589-ada1345af934,4,1,23287.36
8083d4d2-964e-4b3f-9b69-f4415abdea75,48769153-c688-43fe-9255-5c758d55119e,3,5,5665.77
08ffa9dc-c04d-4c05-b074-c2eaaa46a1ca,75f8e3a8-7d97-4c0f-bd56-09c4a4461663,1,7,24223.75
7e16ee96-389a-4ad4-91f0-1a84a43445ca,01a25ed1-c3ab-45f1-8c6b-7074ab102c9b,4,9,10077.13
ecc0c6b1-2589-44d0-86a2-e65e5df4ec25,a175a9c3-d7b1-42a9-a332-a50e6992896e,5,4,9337.21
0eba908d-d7cc-48c1-bd1a-e74938ab106d,74bd0c93-8177-4661-b7fe-032c02571851,5,9,29362.33
a84a4ce6-a147-441a-bb86-4b8db66b4ce5,694d7b00-8d38-4327-883f-13c601b158e9,4,3,10243.07
f043f272-f7a0-4861-b53c-30479e8fffc1,b8e19f56-8787-4a21-8448-2a220308aa5e,2,9,28725.64
06772abc-181c-4f16-93b9-6ba0c1957c97,49646b96-fa3c-4628-8926-21df465568b7,4,2,45940.77
b31958f2-ced2-477e-a20b-e52325415dda,eb053fc4-1b65-4dab-ade4-6e91e8e6e840,1,1,30258.56
f2ce277d-f487-4ada-b2dc-268c407f96e6,409e7a80-86c5-41d6-9ea9-f50831227592,3,8,38665.92
a8473bd7-9a30-4c58-bbde-23921bfeee6c,67c0518b-17ef-4621-881c-79d4c27437eb,1,6,31151.78
88729028-af99-4999-b79b-245e5e4907de,b3eda8f1-026b-4383-a301-ec030e5d8c6a,2,2,4889.24
c2d3f027-b78a-4c9c-a4d6-1c71c92bef7c,d867888b-7ff6-4824-952a-eaec2bdfcb41,4,1,8367.47
dbf63c49-e07b-4aae-a5d6-cd21591d4f94,f94d8fcb-dba3-496f-ba32-3f6990dbfad6,1,3,44241.06
c4ab55dd-290f-4cc5-ae03-071124c18882,e6b9d31a-361f-4d90-bad1-fa330ae4ac11,2,8,6932.12
f7c2f2d0-111b-4b4d-90df-23c29ac9c377,9118c400-e336-4243-b139-c476de3ce88b,3,7,41316.86
f7ba64bf-1d13-426a-9ff4-72b1bcef472e,d218c9d6-c093-4fb0-a4e9-bcfd9647ff9f,1,1,23533.19
88ce64a8-c6c1-4ed0-aae2-fab5db7c6420,b076a7dc-fd0c-4433-8a5e-151b23d3cd4c,3,4,28256.74
0d2bcd62-cb5d-4c34-84d3-7a37af83504d,1375ee90-d6b3-41e4-bb6d-ca0d6fe5040b,3,4,20261.43
225a31e1-ce9e-4797-812c-565febc0771b,2f8c83e5-6e8d-4644-a01b-fbcbf0eebcce,5,4,29419.23
080dab32-25bd-4f17-9c38-dc67d105ca4f,614c721d-a921-4b4c-95fb-e976ae007b7e,2,1,3105.44
31302363-d26c-4d31-845a-46f57e72e416,277eb0aa-a247-441d-88ad-0899b630794d,2,4,36122.96
4581ef34-6f43-4aba-891f-ec6bbebba67c,c2e79a98-5c23-4d8d-b1da-35b94eea9db8,2,5,37832.44
a6172ea2-891f-4145-9204-0d60ffbcf671,c8d0f9e5-9919-45ea-98d0-0c2c17d30f32,3,7,16857.06
ba663a1d-67ec-470d-8105-3cb11ffad6cf,8f3dc97f-e6b0-4a0a-b98f-5dbe15aede0f,3,9,6649.32
20d4beb0-41bb-42a7-ae10-07fd86fec163,255bfc1c-7e3d-4ee4-84b6-4ec14d16f049,2,9,40133.27
65c264be-5b91-424d-b0bf-133ed89ab27b,75366b9f-320f-42c0-9dde-01889803b22e,5,8,45777.91
b53762c3-71e9-4de2-b71d-99fdf37e92e1,d773f98d-550c-4fe9-a54c-11d9f2e61828,4,1,13476.39
760936a7-96a0-41fa-ba09-bbaf94ef6206,6e3cdd4f-55b1-45e4-b0b2-7304545cd88d,1,2,16999.11
e9adc3b3-fdfa-45b0-836f-842dc017e94f,c82f78fd-936c-431c-b7bf-52447db2a7aa,1,10,1551.77
055ae784-8d92-4756-89ee-fb4e3c5cee6f,950df1a0-7aaf-4001-9912-316afd9e8e20,3,5,27522.39
2b0043ef-5ae9-46aa-98b5-0523d949a18f,ec6a37ad-81b1-4db9-88cc-4d49669b29b8,4,4,49126.37
dfe79428-57c7-4cd0-bfe8-6c398d36ea93,cff2b1c4-e53f-4644-b39e-4df25c0a1feb,2,8,22353.47
c79f08f9-b935-4cdf-9d96-cfab017f7a1c,2a9528c3-5ae1-4bad-aa29-60fda85894df,5,3,39481.08
6530dd25-5913-4494-a86a-9424eb0b1eaa,902f3465-0b57-4720-9cd8-758ba5a1c825,3,3,47717.24
1d00e306-50e8-485d-a10a-138f8a1c312a,768b4f7e-6421-4e66-9fc6-4cd0721e8b1f,3,2,34468.68
fdcd1ec8-04ee-4d99-9f87-bad98b1b843c,ff69723d-584f-485b-a697-384d801e8690,4,9,46054.59
b18b88f5-ac18-445c-8736-6ca32032d132,4ba17233-1ac3-4f31-bb96-e2d10649bcf6,4,6,6555.1
2b4cde1d-f8c4-452d-b102-8efe4a1e3a73,8567c805-34f5-41c0-88c5-eb2a7490adeb,5,1,4515.64
2a4adaa7-db97-473a-b824-6524fdfb4982,ee0f65a8-2a13-4c1f-8cd0-15c1ad5900dd,1,4,35200.09
88473044-8493-43ad-b811-6fbae7f6ef03,7317591a-3283-4aa4-a212-ab7c9d361cb6,1,2,30577.99
729bf375-ff79-4ce8-b333-e93cd40acd35,647dc392-9c7e-4575-a37d-dcd698d3148b,5,4,10049.14
fef742dd-931b-4f1a-b6dc-d6ae6c288d72,502cf0ee-224a-46a6-ac0f-680115b24e1d,1,3,43138.08
9f271dd5-e078-4220-96e8-8a443bea82fc,1df05d18-4e2d-4255-bd13-1a3d1e2c2e7d,2,1,27773.91
84df16a2-64b7-43e5-8e8b-61318413acf3,243012da-b185-4eb8-9f90-fc872edc017e,1,10,7923.21
25c615aa-36fb-461d-90fb-a5fd22470802,ee4205ee-a52f-43ec-ab4e-2281b184d1fc,3,10,6747.71
541c76d4-f0c5-46a7-9d1e-8911fd2b91a3,b5cbe3f5-6a66-4184-bde1-bf5daf4847f0,3,6,11932.32
7482fdb7-d56c-4bb3-9de5-e942133daf90,cbbed980-07e6-4cb0-90bd-e9001529e6f5,3,8,26796.21
f34651b7-fbf0-4530-91d6-a25f014c5d09,929d6377-1cfb-455f-82c4-2e488cbadae5,1,4,23816.96
ab8f4153-93aa-411d-9cb9-e88a1f3cc209,dd83ad03-7066-4289-9644-84a0d1151fff,5,3,6888.77
63636934-f467-4f83-90f7-9a5237bd4cfa,dc6dafff-59c2-4153-b06b-0f0c96822e22,5,2,12628.26
a388d854-9a74-4ed5-8a71-47c6e385355b,2b1ac76c-89ec-4c51-98cb-aa5247f53019,1,5,25033.71
8a27f038-7694-4895-b975-7bdb319400f5,4aea1b8f-b43c-4e0a-ba9f-c10e52daf681,2,7,16774.07
06371f5d-5b8a-4e4a-87e9-31900f500b63,22b5f457-1860-4d28-90af-b235ade68f51,1,7,37594.97
0d51cb93-ef5f-4ce9-99ea-76e2782e208d,695e5ea9-c923-4c64-8006-2b5bf67839b2,5,3,27840.99
07ccd8a1-a708-4874-8b24-3856d00bc2a4,3f5fbf4f-d417-4230-9274-ee11b61df906,4,7,42390.22
b52bf9af-95d6-4396-a1eb-aa0887b8df16,a1e518a2-93d2-48d4-a465-5c397d4d2add,3,8,8990.11
53817689-11a3-4e27-bf7f-d74b41f84ff4,cb6ad0c7-a235-4dd4-9355-08d073b5bad5,4,4,43759.38
24e63236-ed1d-4e5b-af21-c58f7e81cc37,f8ded777-bb1e-4ae8-97d8-21b8bb93cd40,4,6,49277.93
9e8223ac-fbf0-4ba9-9814-81e5f052bcd0,cbb18c79-1036-408d-99a0-90075bb47c18,2,10,5779.22
31c43f74-9d80-4590-a552-1ad16bce1e26,f7d7465d-37c3-43c9-a5d0-b51788d00abd,1,5,29111.19
1949c034-eaf2-4afb-8eb6-f618f302efcc,48998e5f-d40e-43ce-92a7-4a4144bed486,4,8,15489.91
2b129e4f-f72c-4142-82ae-641fabf8b594,c3231466-aebb-490e-a4e7-51de57ff51d9,4,8,41298.9
58453b88-29c9-4002-8635-88191f131c39,fde91c42-002c-4c22-b4de-5f7070f81dba,1,10,35067.9
84a79d78-517d-4103-8597-847d16a1f804,fee5ce69-33cb-402e-ad84-414df54191ea,3,10,34210.98
bec3557f-e1d9-41b4-8961-7b19295f5202,c156e501-b30e-46e8-b9da-5f8c4e35da80,1,5,4370.34
9a3b1cf0-79f9-49d1-ba66-3832e59d6525,57f479b5-b212-46ee-8210-63710260a123,2,9,45216.26
5dbb0d4e-cfee-406c-8d64-ae6919a51b79,4c9bff5c-e188-4eaf-9e18-85c35037cd6b,4,10,14539.81
6e213709-f649-41a9-82e3-013c8f5c7a34,a43e558c-2215-4f00-9fdf-0e05c0cef31b,1,6,26829.94
2e04ab33-458c-499f-8485-40e375df2244,9db7284b-6965-41d1-ab7e-2e6426c0747e,3,7,47586.23
ef71bcb2-7b71-41cc-acbe-0c07c4fdbbfc,3f6eed9d-23cb-4943-8a84-000350834fef,1,2,1701.4
73261a0b-a1e0-4e81-949d-8ac928b1fd29,c4615234-8044-4eb2-b66e-dbf4a0ea0251,4,7,29150.22
81d291dc-fac9-4fee-9a56-c9b9a3de194a,9620bee6-6406-4ace-93a5-e8508950ddd6,1,4,36403.04
57817e5b-e783-4e2e-a7fc-de31d73e6c76,1db14bfc-6f3a-4115-acb4-678c16120aa6,3,10,11355.41
7640a7a6-ebea-4271-8b57-9d7fda23c6b2,0e165b12-9bdc-40d1-9cbf-7b8c74102d5d,1,6,38716.38
2af36b54-38ab-4905-ae9a-660154d32467,55c34853-0783-443c-a65f-ad87c57c7498,1,10,21591.19
c4b0a959-c52f-4897-aad1-7cf0028344f5,c5f8e2f8-414f-4994-a845-77805e20c957,1,6,45765.47
888bc28e-f3fd-41b3-b91a-6495b3df5e68,ac93281a-92eb-4ab0-a4ee-c67c1a57f9e4,4,10,28566.94
dbdf2643-d14d-40ea-902d-f3e11418aa22,eb93f78c-620a-4158-9d2d-904f78c59073,3,9,44397.85
7893f104-a244-4538-b8d4-7c929a32074f,cd98f9e2-8d88-4beb-890d-9655db842660,4,7,21825.12
1e7266e6-0c70-4686-8484-f4e93532a3ec,ac5f12ef-8085-4147-9e91-0f365f705b25,2,4,30563.22
b9140b99-3293-4e74-98d5-f747a8634b06,e0827f76-11a5-49b4-a6a3-02d6f43e8c48,2,9,36088.28
766715c5-5b81-49c0-9a5c-49333bac037d,c8d57717-9055-436f-8aa5-f9d3335f2f59,2,8,31262.93
5454e16a-699f-49e9-a592-f3b54845986d,f8cbab4c-9779-4e84-9e47-2e2276c3e642,2,4,34819.39
6b21d83b-efed-4d40-8e0d-439c354ba113,a2cd1590-58af-493c-8aa2-b4c93ba5bd76,1,4,5619.35
5e8347df-d5ac-492c-b1f6-99bae79d3568,c2492e5e-005f-40e6-95c3-b2dbf374190d,3,3,6344.12
b6eea44e-0c1b-421b-b53d-fefe28d3b988,34879e41-1a9c-472a-8eb9-047dba2ac3d9,5,1,37974.06
3ee564f9-bfab-49ee-a3d6-ccb057c53468,6b790d01-3cf8-4d20-bbad-793f87a1ec02,5,9,40228.19
0bcade53-5f9c-4ec3-8991-5c7f9206a85d,69be173a-850e-40ad-9872-f72ee5b4a1ae,5,9,35065.35
819575c4-55a3-483f-aa0c-bbb74483a921,4aab47b2-3c9d-428a-a176-1930f6d70248,1,7,43979.87
0740e4e1-742a-4677-8858-5197032d7464,ed1115d7-50a4-4c85-99d5-7b0242d04d55,2,3,12002.43
8a7cd673-df71-49e3-a8d5-7f2f931aacc1,c5285425-c7a9-433c-a2d8-39d333e4f986,1,9,12501.69
35f79f2c-9498-4078-a056-dde88aba8b0d,50647c59-774f-4354-b316-ce642a147a96,2,8,28364.89
fa812fcf-9585-4354-914a-67050c4782ca,5bb8b9c8-8932-49f3-9ee8-9a4c681134e2,1,10,48383.69
50d79272-5c23-49ab-b14a-3ec69c68bc8e,da3c45ca-43d7-4f2b-b69d-e1e34eed4124,2,6,8161.9
a0be1298-c3c7-4591-9b45-1ea397063a10,f7e9101d-3f8b-4433-b60e-695c1759ba96,4,5,36925
c632e1b1-1377-4a7e-a1b0-483d10d17bdd,0c880714-8372-47e0-a570-46ea5b11f51f,3,9,26326.76
66ce406a-801f-4670-a250-2cc12b8676da,d1f16485-429a-4a7c-8c80-d33aad5be3c8,4,10,45237.49
8bbdc200-9502-4afa-ab2a-6cb0d29710a2,cb371d97-cdcc-4d6a-9a16-998c7648776e,1,2,41266.46
baa93b01-cb77-4aa6-a74c-f567d368093b,668c879b-d2dc-42c8-b2b8-d8aa21768dd7,2,4,33866.81
5c86aaab-2b69-4554-928f-583d0a3e39b7,f004e897-a15b-4e18-afb0-64065f4b1a97,2,5,44993.98
04e6378a-0be4-407b-a968-a32b4a8f5ab1,d8e70aeb-e7b3-4085-978b-e96820f87ba2,4,7,17120.26
05b0f73a-5716-458a-95dd-6dd3394ff449,1f5df912-54e0-4431-8f13-3b65d450afa2,2,4,15847.62
08e2aeb5-f154-441a-8083-ee007ed46135,0cf697a5-7603-436c-b139-4e3c0aee2557,3,2,29314.16
65c526f9-579c-40ac-82d1-c2f0162c7409,e886a011-36f7-426c-9a9c-06792c3d17e2,5,9,44209.89
c37e1bea-b872-4e8f-a779-109d15761d3d,a5b40983-3eeb-404a-9df2-372e9e825aae,1,7,21114.05
b26ea5a6-a851-494e-80aa-cc00e859d5ff,e1fdc6d1-6978-4221-bfb7-5c574b8c031f,5,8,22353.82
a8aab749-1432-4237-b4ac-7fc81e6ba750,6b52f93c-2321-464e-a20d-4a1f479f6628,2,2,5858.54
ab1455bc-80da-43bb-8666-14f08b4f9599,b69f75c5-c82b-41be-a1eb-64e6fd498e20,1,3,42953.71
213b0006-3344-4237-8954-9d08f44b483f,c80c2195-8b65-44ce-bacc-99705beec570,3,2,4209.31
e0104763-1fce-4854-a5aa-30c781e0ee30,98dc9e0b-51a1-45df-86ac-10102e0869c1,2,4,37440.35
cc77e08c-f9f2-4a41-88d2-796dbc226d6b,3f738f50-19a2-476f-a8dd-2bfdf956be95,1,6,32808.75
7c041d85-7c5e-4efe-a046-874ee94d0810,f2a32efd-ff13-4c80-8398-c3320e500785,3,2,10018.77
08f42305-1449-4052-8b99-f07cf9eac90b,91519998-f293-4585-9a07-d758b357f3f9,2,2,18938.2
6ceed93e-e9b1-4b61-886a-cd91800c8d12,cf767343-fced-4994-9631-c383303014d0,2,9,10548.6
aa206e7b-4098-4464-a50b-97368a33c397,8ac8ad93-7e02-421d-b86b-543ae1b243cc,5,6,13158.28
e96eafa6-1bb6-45e2-9576-1d1525180b12,9a069295-3b8d-4447-8e61-065f171b1b80,3,10,10444.28
e4f5eaf7-36c7-4ec9-8ab4-8eca621b85da,0f3f0f48-52d6-4779-9e43-79cbd8230076,5,4,49462.04
dc744b9f-04cc-4e40-99ef-f603bd458fa7,5d696bc8-dc54-459b-86bb-42c7d8b2f8b6,3,9,45683.45
659636a1-f372-4ced-8bf5-37818c3e80c6,b45c9a54-5fa3-4531-9291-6e60f5e72daf,2,7,35853.41
43f73ddf-addc-4a9d-a1d6-4baa583cd560,60ddc7f1-2ce3-4822-9080-12b896c56fe7,5,4,3436.97
3175132a-2ebd-40c9-b635-44c3a0f4dcea,cf0df860-ebc9-4914-9176-a9d19a3624d6,3,3,35160.68
edecd589-bb9b-4159-8f43-315e2d29eca3,7f05fbf5-efca-4577-9aa6-f7cb90c7e6ac,1,3,4679.72
40539581-e731-4ce8-9e99-7ce9de9dc635,13eb22c9-bece-421a-94c7-743b2401342a,5,3,37863.82
414e3ed4-daab-4c16-92d8-5c38ebd7142b,51cbf9e5-fb7d-4ba1-98c8-8c483ced4d1f,4,2,32429.78
ffcaa648-ceab-4efb-b4b8-d5a816174371,35adde88-43e4-4668-82ea-d2df725656e3,2,8,44767.87
ccafcb48-3538-47bf-94fd-663b9b65d5af,702f31e5-62cc-4604-8c53-644b0053f649,1,10,13152.53
5e8fc938-4b95-4ba8-886b-08fe56b24ba5,e1bbb8cd-7e3a-4f07-a9fd-28e6e271fff9,5,5,28534.84
2fcff1c2-2f2d-4f40-8e72-ce89b86a1ea6,6016c743-8bc8-4a02-99ea-493660f34ebc,5,10,6584.08
1cf0d5ef-6689-44af-a438-d968717f2814,c9ea356a-7abf-4ebf-942c-b1ae19f738cb,2,4,25764.63
2478502c-3e3d-4131-9af5-5e478c568a67,088dbd82-d883-43f8-8c98-03de12de9e5a,4,8,7826.05
8d43a8c2-b9a3-4e14-8edc-ec7686ac530b,42d943ee-5197-4e75-8523-d4fd4b7f2183,2,7,29757.08
337c790f-d849-4039-a1e5-8d6a90f0ece1,29310971-601e-4211-a34f-76b42b8c03bf,2,9,20264.11
90fe9c9c-5ab8-45aa-a414-5302eb01e41c,9b792afa-2a3d-418d-a754-a29ff143e545,2,2,27493.93
5f8ca0a1-80c4-4c13-a68e-90fa9593316e,8dda4ff2-b27b-4bb4-a8c6-90b230a2cee8,4,7,43231.96
1730c9f1-c314-4356-8f72-8eb51ca159ba,d2eaef18-4b67-47a1-966e-cfe36d779595,4,10,42335.04
1f893293-10ec-41d2-b816-d8b474aa2934,7af6cd41-99a7-499b-a005-f5e1a97a2846,1,10,34802.22
2439d67d-72b3-4e53-aed0-7c53473932bb,fa207403-4ab4-47e3-a360-76812bbba89d,4,10,47874.27
508576ed-f2a7-4aac-a56a-aa71dbe0e81d,788fd0cd-65c0-4b93-88ed-abdd4ef03f80,2,3,49738.92
9a998a04-7876-4956-ba71-0154edef2191,43d75413-a939-4bd1-a516-b0d47d3572cc,4,7,17412.8
f32b6e69-2d48-4d1e-bfe9-a06e308e38cf,69fb0763-8a9c-46f7-8ee4-e5125802b640,4,5,39069.29
8ddde85e-1ab0-46b4-bc11-0b9ab61963b3,3c53090e-e1b4-4171-929d-674d798e175f,4,9,31678.65
bc6ec21c-d972-4873-ba2a-8f40bcaec9da,363e6ef4-f8df-4c3a-aacb-4fbdfbff8a7d,1,6,26892.3
59c8f9c9-3f87-4cc9-a6e8-49567c272e6f,ba236c22-e92a-4b97-91db-1a374204d733,5,3,30654.88
02503b18-af40-4628-9c37-a05d9dd63d33,8d536c75-65b9-4e94-8e6d-e263635a775d,5,7,35665.3
e44e8993-b53c-4861-86c2-a78181c25133,850a48d4-46b5-48de-9b4b-b8eb537d0bd1,2,9,39783.21
de89ea96-3948-4008-98b5-2408b2205b4c,032a461a-df9b-4c1f-aacb-1f6d7549c9f9,4,4,44881.48
6eb21a24-49c4-4a27-a114-ca04fb75848b,1b0ae22e-ecc8-47a6-99a6-f80ef08ce6c2,1,4,42502.23
09d99857-67fc-4722-9c69-405f617aefb2,439e754c-6930-46ea-a0bd-a1ee5807cf74,5,7,25999.42
4e6aade1-7ab8-434a-b978-03bd1d4447c6,2c154804-0997-49a3-b919-955c9be4f19f,3,3,1622.83
6170c5aa-90d8-4abe-814e-8c7dfb293034,ba92992e-44f8-453c-9224-6d05d3692867,1,8,13006.72
2ef1b5a6-6c77-4085-a070-e459d369262f,16db80db-a543-448e-9adf-e9816ab19e15,3,2,42953.88
f226ad94-44f9-4308-bfe3-75d02740fbf8,e9d6bb7e-361d-4014-b114-56de301c8db3,2,2,27145.94
bc521e0f-92e4-4d7a-a063-25bb6a5a4960,7c059799-bdae-4eff-a83c-510ed2efa93b,3,8,23087.09
1cfde2fa-9871-4d6a-b375-80a7af53f388,9194821e-e11b-40d4-8637-9f04d9ee7dc9,2,6,49893.7
b970d950-b5e1-45b2-9e20-11d054c710be,0cf173f9-74d9-41f5-8877-58043fde9814,2,3,28152.54
9a7cf983-06bb-47b5-b15c-d7334333d4bc,ec4e8cbb-a2aa-478c-a59e-0258814ff657,1,7,42093.11
e2718264-fc33-4fb7-9320-b8cdbcea211f,38aa76df-db6b-439b-b6dd-9529f704d72f,5,7,36724.61
7283cf16-bc96-4096-bfc2-26c27f314888,34ec5264-ad7d-4f81-b9a0-f145a5bab050,5,3,10413.62
ef5afbb5-8cc2-4be6-a094-aa33e6de9221,3948fe22-022a-4dda-8d05-79e299e4704c,4,10,28811.63
ead48648-d7d8-4d63-a6fc-f3e98ceda8dc,b599277f-f78e-49e8-b676-291d4e329b4b,4,4,15096.52
be5c160f-e74d-4821-b662-737fe58bb090,e53e5f4c-6c7e-4a2c-867f-358ba48aa108,4,5,41626.26
00fd752f-b4ad-49af-a49a-a3316a7a9810,7580e4e9-5945-4186-9a01-8d296060b1eb,1,4,15405.39
9ba30ce7-3550-4cf0-9c51-548601b2ef28,8fbba749-5fcd-459e-96e1-8109d7e174e6,3,6,18776.45
1f6bbae5-6d3b-4137-a0b3-95f214a41413,7b53359e-1bac-4d0d-af35-b30b4c68eb17,1,8,30550.46
e16a3dfe-c517-4712-8a7d-ee2f7ec1f64d,46c79b36-fd05-4963-9616-af7e1057a002,3,3,22258.07
09528073-1ae1-4793-ad43-c5dcf8bf13c9,f3c2944a-b60a-4dcc-a7f7-745142da8609,2,1,9738.02
97df11c6-401b-4e32-b7c0-73e16ad1c3c5,3d846fc9-c3f6-4136-846d-5a3b2661c426,4,1,27855.99
152a1a69-4555-4304-8dd2-2a765ba7f35b,6772fe9f-999b-4859-8f5e-0f0bcd67b5df,3,10,18676.7
cfde68df-2fd7-4462-90ef-408a6d872e5d,7f53d344-a7c8-44e4-8684-3c86b8a60402,1,3,48592.88
85eefa81-a854-4496-b398-762cf5a1b8b3,e82b5b36-4269-428c-8bac-bedfff5a229e,1,1,26138.65
225cad8f-f0bd-41ba-9dde-c93f1137d035,fea82e3a-b544-41cb-9541-0a9d090aaa93,1,2,40955.48
ae4cc831-ae73-4787-bfe8-28af987f2e84,5bc677ca-abff-4286-b0cf-9d73e8121ef0,3,6,44913.03
23feb47c-436a-47e3-8dfc-07c0c7ae70e5,7885187d-18fc-43b7-8b35-6e9a2e5eeb6a,5,3,16232.65
b6d7f376-4845-4b86-9923-9281bb88828d,b9a5d4d0-4237-41f1-bdac-dc5e20c0f275,4,4,48234.48
05588951-8611-4934-b01f-bd6c0e64ddeb,69c165ae-4c61-4ae8-87a3-7f1061b512ed,1,6,32886.21
e75032b7-4fae-44f7-b5b0-ea6119cb3efa,26996aab-daaf-4529-9eef-f82a0dd70158,2,2,16121.57
867f6521-3534-4e38-930f-cc35839cd540,2e2bdc6c-b736-4c4f-9cc5-d97550fe8199,3,6,14945.19
37b8eb48-f815-4e11-9043-820af39676f4,55273407-7cd2-492f-94b0-0f62c768b07f,4,2,32872.43
b1ccd939-27a1-4800-96dc-33096cfca848,73b9c2ac-0134-476b-8ed9-fa95a26e865b,2,8,7268.2
382565b9-1ed1-4963-bc1f-c5918425f83e,6f07b60f-9d4e-4b5d-a120-bfba1689e0b8,5,2,34144.07
4970f68f-a4ba-48e2-b5ce-d6eb23ce6201,6dd49c96-6744-4b9e-aded-cba5a22c3d4f,3,10,47736.78
fd3596a4-855f-42c3-ac5b-ac53a0712352,0131ff3b-6221-4670-ba36-e788f71fb9a6,4,3,2268.79
be48bf45-37d7-43d1-bec8-298f0f1fa65e,010e4265-ad3f-4dd4-8496-26ba30c9a2be,1,2,16848.48
dd046e91-4890-406d-80a9-d7ceaec96fc9,f2ce7eeb-4c56-4b8f-8bb4-32b3d2e76deb,3,1,8466.75
f3f2f142-3817-4cd8-b584-78446a182068,6f04af36-567c-4d44-862c-92fd98abb2e7,4,3,49533.26
7560ffcd-4e91-469e-bab4-a539faff3a4a,7d7c59a5-e6c1-4650-bf02-f5b057bd56c9,2,4,44403.75
abf04933-43b3-4489-b1fa-338158eea6c6,2a35ce30-303c-404b-8007-93365bf7dda1,2,7,6599.37
ea1aaaf3-7fab-4499-924d-bd7633c75f58,3610901c-2196-43b5-bc21-109bba27bc64,4,1,18846.08
5f044329-01e3-49ee-a930-ece7eee5cb4d,812faa38-96f6-4c09-859c-1ba0bbec721d,5,10,45272.15
e6bc6d33-c7d9-4668-8e02-a0a542ce302b,b60b4f87-5dd8-4ffc-9f87-8b322b429596,1,3,24707.67
346f693d-057d-45be-9f4c-314b16373d3b,980b6853-0c70-41eb-9f85-c2dd88e44a48,1,5,29733.59
e8dbfa7e-f92d-4b22-bf0e-f7c85d88cdde,71be94c3-6ab1-4db6-9da4-66feb0937085,3,3,16116.4
b081262f-db89-4418-8021-038598c942fd,b02e21aa-352b-4ec8-a90d-21cb7f111a36,5,2,40902.08
30b054b7-edd6-4fe1-b3d6-9684bf13f9b5,3c088990-54a2-4051-bb0c-cad9eee13cae,1,9,16566.78
c4d97d23-850d-46d5-b191-7f4ec673de61,16c8e3d7-abf0-463e-8343-8b6400b3700f,1,10,36957.54
476474ee-c327-4001-abbf-8ca0f18b1bbc,ad409244-cd35-46ef-9c37-07394a629c5e,1,3,44779.95
4d290a43-952f-4188-801e-e7191e6bebbf,e3ea2d7f-c219-4845-99eb-404c1851d1cf,2,3,36933.74
f2b89ddc-5234-4914-bb9a-9e1094cec528,236dd176-da1c-46ae-8279-e2ab0bbf6334,2,7,24961.92
7d7e604b-c0ed-407b-b701-8b7069967499,f480b91e-700e-4efc-a4ff-c31a5b86ea69,5,3,14341.75
758e56e5-0e9d-47df-8c76-c551ed59ee33,c7774fae-6137-48c3-9c7f-aca62e671784,2,7,12079.37
11426f6e-5d5d-4676-8def-03924815f03d,dcd1c413-0760-401f-9c81-fc465bcd236c,4,7,33846.01
9ec9f019-eb34-4f64-a1ae-c8c758352fde,ba2eeeb3-d6aa-4382-a144-6b45af390a9d,2,10,3197.86
548dd558-aa1d-4238-a653-f5f38fb6375c,b9493906-939f-44eb-be5e-215ec47cc30b,4,1,26260.25
3b323f0a-71ca-42c9-a890-1bddc5807dfd,a9e8f0d8-5883-49de-bb5f-be413fa2bde0,3,2,48017.82
c9086256-76b8-4e57-94c4-84d7d936c7da,54b58635-3dab-4614-9215-0ed87ddca413,5,8,35433.36
bb95ca46-8a72-4d11-906f-8432966f3bc6,048c8480-a743-4402-bec7-fb117f53dc0a,2,4,37578.62
199536d8-c26e-4dff-9cd8-fd9af3b59ba7,d36ec1bd-000b-4f5e-8c91-bd138ea02346,4,6,6971.25
258ff2d0-6c76-401f-b039-a10e4ba325ee,a7939a2e-34f4-4404-8ff5-070182226c16,3,2,24367.6
8eb64e98-2d83-4115-abb6-dc8f19c839a6,57423882-f34a-4949-b4ca-0ad7abe5be96,3,4,36397.21
f708e204-67a1-4d50-a319-1253ff321e23,99966612-9ea8-4552-8475-66bf8f660bbd,4,10,14431.25
13154236-f56d-40b7-972f-a6afff1f767b,18f1a1e4-1d30-4290-b3d9-2aceb7461b72,5,5,35669.41
69324430-697c-4e61-9865-882b6ea60501,008ffab9-38c4-4b38-a8ae-57b9c262cad0,5,5,40013
a3ff8ad1-da23-45a9-9689-d75e0ef3d4db,41191aa7-1b61-4453-a8c2-094db8b818cf,3,1,39259.01
0f8925c4-3146-4fa7-b280-ab9599db4c90,1ee93260-3002-4831-b227-e8d89c60c81b,3,3,43174.78
640b70f7-3c43-4fa0-a363-a081b24fcb18,3730dfba-6494-4d5c-9a29-6905ee22a70b,4,10,5759.18
46ddb2d6-0ca1-4b89-b091-4cc3040306dd,30c9c51f-c80b-4af7-9315-fafa7500f785,3,4,19137.47
ca1dac40-109e-4720-a068-596c8632cc40,811317a8-f4c8-4393-96dd-6c82a8909e31,1,4,4682.36
61cb9f0b-3815-4d18-a37e-c26002079475,95ca788d-d6bc-4712-aecc-a931ef705d01,1,1,10718.83
a2e1502a-87f1-4660-bb67-3365d19f0fba,c7f4f4f9-8222-4ad3-aca3-91d47ba16dd7,1,9,9692.04
f013611d-994e-4634-977c-969cf436d813,a8535961-632d-4302-9a82-833c20dda0ff,2,6,33019.25
2aca88a7-92f1-4524-8832-295d179eb990,65daced0-460a-4125-bf8c-93d4c32afc4a,4,9,40272.85
aef4199a-d227-44db-b825-af00a1392222,4b4ef503-f872-4413-97c5-982cf6ae10e8,2,1,26127.96
d30d9983-5a92-44da-bc74-4774dfd7e3e1,d7d3b9d9-4c85-4233-8325-bd9ebf98e734,2,5,24395.42
a709ea60-037a-47a6-97d6-e4557008abd1,afc5c20e-4a63-4af5-b6e1-e7ac9fc97264,2,6,13303.11
01b3e0f1-61e3-4ecb-a29c-9b88d06f1831,f9a55cf2-a66c-4fa1-b5dc-8a9afb38cd91,3,6,29032.76
2547c301-b990-4a32-b179-1041c838052b,8ae0b8a0-80ff-4909-ad85-2212f554e1f8,5,3,12243.88
16ea5115-9b1a-4b94-912f-18bd0485c59c,f1530f68-9215-483a-9532-caba7af985ff,4,5,22818.82
28c1b77e-cf2d-4607-967b-88ecff4eff0d,88addab1-d765-4a18-a4d4-66ebbf74531c,2,4,3968.63
f54388c3-936d-4b2d-94f4-760814570827,1b41a61e-85d1-41ef-8344-edb3ceed0ffc,4,7,19676.72
613d5849-43b9-4cf6-a045-1bad571a6365,4458b006-332c-4e0a-8e7d-a698ab95c72f,1,10,30247.95
af3fb79e-d406-4336-897e-9cd6f3021a53,c8cba592-b0ca-42eb-8fe1-621ad6e1ba00,1,10,16510.7
244e585d-ec3f-4272-9331-159295f9cb7e,acef45c4-de37-40fb-9db9-4eee1a3c2131,4,7,43391.01
5a2c28f7-500b-437e-877b-39643c5c14fa,638e1388-8faf-4d4a-a5a9-9ebcbe0ec2da,5,3,25736.61
8a6f28ab-2e25-4a6d-b139-246ee1c69ebb,b1644235-49a2-4fde-b235-7a3ccc7f9517,5,7,43653.11
29ffc658-cadc-4ec8-9225-2a09afc77831,c9c1ad45-f4ea-4b97-aaa4-15b56336c815,3,3,9286.53
4156e924-61b6-4453-80cd-df962e09ea91,be6127a8-0351-409d-8dc5-fb068d5809b7,5,3,15595.73
ca673b20-a805-4316-b5a3-cb9e43968303,a23ff67d-e957-4bc2-b9bd-8bd6d479cc36,4,4,39980.57
1974d52d-e9c4-4f8c-82df-c3a21c544f16,5e244824-a5cb-4c6e-b5a4-c55bb4629214,5,10,17387.81
f897a895-9172-4a4a-b3f6-22678d9b0842,b993ff63-c6b1-4d94-b24b-cc3d9a7791a2,2,3,27111.44
f4fb2b8b-4384-4d8f-aeea-374abd1451fe,13106665-aec2-4b19-bbc3-98d82d6bc882,2,7,29397.59
55e49b49-9317-4da3-ae1d-062d670c184d,4b27b079-5c5d-4f1b-94c0-c6c254f6516e,4,3,21190.17
81ae255b-0602-4584-af18-719cca0ec23e,9e47a339-c0ae-4b1a-b347-673637ec07a6,1,1,10205.99
4e72d00f-8a08-45b7-9bed-41c348f6e2cb,e2ba9fce-aebb-4f9c-8a35-653cf57a431e,3,5,46679.21
da3c9966-3987-4bbe-a8f9-8e80a5749d6f,cbd431cc-ea7a-4c21-a1a1-a29c5228ed8d,5,10,18809.28
610a5b21-0be8-401f-b485-5d39626eb4e4,41afeb2a-62c8-43f4-9d06-149ef1eab64a,5,2,33193.82
8cb86675-3088-4612-8d79-2236c1bb720c,5200044b-3148-4df8-a6ca-8d50e5f5c891,2,8,31606.13
d037c5e3-3183-4b8a-98b9-562608ab8a4b,189099c9-f2be-429f-9514-9755838e9a61,4,4,11174.8
4ff88826-f720-4486-b04c-f7dd2165d436,af76b6c2-dd6d-4b41-b692-a531c6097cd8,5,7,6189.42
8b7dbb93-065d-45e1-9c55-c96f3566b939,6f6bbdf3-c673-42e0-bdca-c10ff9e9cf93,3,2,17341.07
f2a16438-0513-49a8-8ad5-c29734312acb,2d90e4ee-0de4-433e-92c0-620c1667c518,2,5,30798.71
3a2106c1-c297-4dec-9f32-94a102323244,e9366a85-3a46-4be3-9255-a4de9330ba83,4,4,4134.12
3f8e3ae0-8afa-4ebc-8654-b992c1d2827f,50ffde64-6eda-4a8c-a789-e7d0a155eb2c,2,1,32124.29
c466bbb6-0fb5-4e76-b462-4e6202829985,bef6a59a-c186-4221-9030-56b79e4c24dd,5,3,20174.3
9a50803f-0cae-4395-bb48-414c4a5ffa34,d926fe41-b36d-4121-8ba6-fe0995ea6825,4,9,46126.66
bf90c5cd-988c-4544-8ed6-4b988aa4044c,a5df6f85-bab5-43fb-9dfc-d1d5cb863dea,5,3,14796.25
2257a830-6cef-4a6a-91a5-972757a90095,243113fd-8e19-4d07-9ff0-b9bf8db3c2c1,1,10,9738.3
9f4c3c66-8686-48f7-942f-88b255630ea5,1d57e734-31bf-4cf6-80b3-af7cd5b211a9,1,3,10953.9
c3e2c322-43e7-456c-8090-d5abe1b5409f,913a1734-ccb6-4571-abc5-35452e6d7a04,4,3,12340.23
d35fad6e-563b-4523-b272-519b4cc2c9c5,c04446bf-d9f4-4bbd-8dec-644cda2d2156,1,7,45459.97
17b15d41-33c2-4606-931c-1354fb95efe9,8c8181b4-fe8b-4ccb-bd75-a5f3eeafca83,4,10,27520.08
59004863-5e8d-4bf6-8bb8-c5959ee9376b,5b6d6b7c-54b2-4582-b398-1e9e7cb882a0,4,8,45113.04
9e8ad91a-d91f-4ac4-af4b-784f9cf41507,a40dfea5-bd64-487e-b652-ae9938b5e89a,2,9,21450.71
fc65c63f-8032-42de-9508-98db8949a3ca,bbc99473-4363-489c-b249-5cff89e2df24,1,9,23118.62
da07d251-3f19-4c87-9b3d-de64817bb006,ba388c8f-1393-49d1-a06a-187de2e6e7a6,3,7,40386.43
d10a7cb2-4107-4a9f-8f18-fb7eb73b7f69,d97e8d3c-04c4-446a-a461-0160134d695a,2,2,18484.87
c174dd0a-8ffd-48b9-8a87-66c7b95f78ea,d0095507-07fc-484e-a1b2-462781d67019,5,8,22640.13
9ae1c6e5-de30-408b-86c5-ca575f6189e8,09624ec9-e803-42eb-b677-7be4970c9eb4,2,8,24724.28
76ff04ef-06b9-4256-935d-3cc6066455db,22460ac9-4a7e-4bc2-9b6f-1c33bbb4c0ce,5,2,38797.4
a2c3cd1f-ebdb-4d5f-b9df-25a0207a9ea8,172e8c68-82aa-4c46-8049-9bbf76f6a778,5,9,22783.81
59b93d8c-9221-46e4-a965-bdf74666ec60,02b622e9-808e-48d2-9d26-4b1b6593b659,1,8,5114.61
68c6e990-12e5-4c26-9162-7d0ffd35a70b,df482e7c-a8cf-4f62-90d9-170cf2dec75c,1,2,21374.24
a5366077-02ae-4ba9-affe-3e4194528969,3b53f64b-7cd6-4da4-82ef-da8b38048786,5,5,47083.55
19c50646-4ee7-49bd-81c9-b026f7b812fa,a605b7c9-fb07-4e93-8a37-31ab0be3534a,2,10,45849.06
f690a8f4-c0da-4579-9a11-6bb312bc64ac,96721e98-5d84-46e0-a0e6-96ffa75743f9,3,7,38160.41
bf77d93e-a7b3-4877-8728-668f4c1ec34f,67e54646-8430-40fa-b90f-ecf5e8410a39,4,10,38196.32
4f8e4c1f-79d8-48f5-af7f-dc360deea7a1,e31db345-7b6b-411e-8aeb-99597ca2f582,1,9,39639.96
e01a2fc5-2c61-4133-94ec-8c2607a282c5,3ae0acdb-2a65-44af-b09d-338b23936d45,5,10,16606.14
dfa47485-70ed-409e-9b7c-6811266ab20c,47e321c2-a4ba-48bf-83b8-fa0513bc0dc6,4,9,40976.18
135ca765-96c7-4555-9bae-bd2b212a7d24,28489240-2fd9-4ce1-a676-27ca3625fc20,3,10,48856.77
c831ceec-3d49-4491-bb68-7cfabde4a79e,6a241f46-3af7-4a21-a93e-7b5b1e4ae3a7,3,7,25463.97
04375c55-02ad-461d-83b9-ad7e04c19d53,a5b2c7ea-2947-4f54-973e-129c35f0b1be,5,5,6623.24
35eb351b-f506-492d-94ee-17f9bd6ca9bf,2598f383-9280-4da2-a40b-50e40a086989,1,10,12615.38
550de4a0-7741-4944-b769-846aa868473e,67cbfc39-f54f-4b92-8442-906f2e16f0b6,3,9,43745.61
93214ef3-b334-4c73-8cdc-e4e02d2ee93e,f27f3ad7-4890-4b6d-9240-ef02a9681fc1,3,6,48272.75
e29a3dad-c472-44b2-8a42-009a9a16ca44,6928043e-d492-451a-b828-3a052baa43c9,4,9,5772.67
25f3bbc6-8621-4402-9504-686852772a1c,2aefcf3b-43b7-40ef-82c4-1c54a8debd88,2,7,46396.55
25655ee4-3add-4ab1-92cd-2595733930d2,ec1f41ce-57b9-4dfb-af82-e70cb9644e4f,4,9,22518.44
287e3e71-c5ad-43d2-ad52-e6b6c4f811fe,119fb03e-9731-4c91-98b6-691b74169e82,5,1,49910.56
75558c3d-a2fb-4d61-bd52-eeab39703bc1,e6cfcbd8-79d2-4001-ad6b-8a4e18a70609,1,3,43232.29
2ef026bf-108a-417f-8a0b-6b6fb7821db6,c09c2ebe-80da-4ed7-880b-cb0ec8ab96ac,5,9,4225.91